Model,Parameter,F1 Score
SVM,linear,0.9090541350087548
SVM,rbf,0.9039127982989581
SVM,poly,0.8013296100467443
KNN,3,0.8333496575293746
KNN,5,0.8287240494022972
KNN,7,0.8216603793027736
RandomForest,50,0.9036003443025882
RandomForest,100,0.9063380878848797
RandomForest,200,0.9052877011471411
